GUBERNATURA,,,,,,,,,,,,,,,,,,,,,,,,,,,,,,,,,,,,,,,,,,,,,,,,,,,,,,,,,,,,,,,,,,,,,,,,,,,,,,,,,,,,,,,,,,,,
4/25/2021 1:43:51 PM,,,,,,,,,,,,,,,,,,,,,,,,,,,,,,,,,,,,,,,,,,,,,,,,,,,,,,,,,,,,,,,,,,,,,,,,,,,,,,,,,,,,,,,,,,,,
ACTAS_ESPERADAS,ACTAS_REGISTRADAS,ACTAS_FUERA_DE_CATALOGO,ACTAS_CAPTURADAS,PORCENTAJE_ACTAS_CAPTURADAS,ACTAS_CONTABILIZADAS,PORCENTAJE_DE_ACTAS_CONTABILIZADAS,PORCENTAJE_DE_ACTAS_CON_INCONSISTENCIAS,ACTAS_NO_CONTABILIZADAS,LISTA_NOMINAL_ACTAS_CONTABILIZADAS,TOTAL_VOTOS_C_CS,TOTAL_VOTOS_S_CS,PORCENTAJE_PARTICIPACION_CIUDADANA,,,,,,,,,,,,,,,,,,,,,,,,,,,,,,,,,,,,,,,,,,,,,,,,,,,,,,,,,,,,,,,,,,,,,,,,,,,,,,,,
1579,19,1,20,1.2666,18,1.1399,0.2533,2,11957,16092,16092,134.5822,,,,,,,,,,,,,,,,,,,,,,,,,,,,,,,,,,,,,,,,,,,,,,,,,,,,,,,,,,,,,,,,,,,,,,,,,,,,,,,,
,,,,,,,,,,,,,,,,,,,,,,,,,,,,,,,,,,,,,,,,,,,,,,,,,,,,,,,,,,,,,,,,,,,,,,,,,,,,,,,,,,,,,,,,,,,,
CLAVE_CASILLA,CLAVE_ACTA,ID_ESTADO,ESTADO,ID_DISTRITO_LOCAL,DISTRITO_LOCAL,SECCION,ID_CASILLA,TIPO_CASILLA,EXT_CONTIGUA,UBICACION_CASILLA,TIPO_ACTA,TOTAL_BOLETAS_SOBRANTES,TOTAL_PERSONAS_VOTARON,TOTAL_REP_PARTIDO_CI_VOTARON,TOTAL_VOTOS_SACADOS,PAN,PRI,PRD,PT,VERDE,MOVIMIENTO_CIUDADANO,PAC,PS,MORENA,NUEVA_ALIANZA_TLAX,ENCUENTRO_SOCIAL,IMPACTO_SOCIAL_SÍ,PES_TLAX,RSP,FUERZA_SOCIAL_POR_MÉXICO,PAN-PRI-PRD-PAC-PS,PAN-PRI-PRD-PAC,PAN-PRI-PRD-PS,PAN-PRI-PAC-PS,PAN-PRD-PAC-PS,PRI-PRD-PAC-PS,PAN-PRI-PRD,PAN-PRI-PAC,PAN-PRI-PS,PAN-PRD-PAC,PAN-PAC-PS,PAN-PRD-PS,PRI-PRD-PAC,PRI-PRD-PS,PRI-PAC-PS,PRD-PAC-PS,PAN-PRI,PAN-PRD,PAN-PAC,PAN-PS,PRI-PRD,PRI-PAC,PRI-PS,PRD-PAC,PRD-PS,PAC-PS,PT-VERDE-MORENA-NUEVA_ALIANZA_TLAX-ENCUENTRO_SOCIAL,PT-VERDE-MORENA-NUEVA_ALIANZA_TLAX,PT-VERDE-MORENA-ENCUENTRO_SOCIAL,PT-VERDE-NUEVA_ALIANZA_TLAX-ENCUENTRO_SOCIAL,PT-MORENA-NUEVA_ALIANZA_TLAX-ENCUENTRO_SOCIAL,VERDE-MORENA-NUEVA_ALIANZA_TLAX-ENCUENTRO_SOCIAL,PT-VERDE-MORENA,PT-VERDE-NUEVA_ALIANZA_TLAX,PT-VERDE-ENCUENTRO_SOCIAL,PT-MORENA-NUEVA_ALIANZA_TLAX,PT-NUEVA_ALIANZA_TLAX-ENCUENTRO_SOCIAL,PT-MORENA-ENCUENTRO_SOCIAL,VERDE-MORENA-NUEVA_ALIANZA_TLAX,VERDE-MORENA-ENCUENTRO_SOCIAL,VERDE-NUEVA_ALIANZA_TLAX-ENCUENTRO_SOCIAL,MORENA-NUEVA_ALIANZA_TLAX-ENCUENTRO_SOCIAL,PT-VERDE,PT-MORENA,PT-NUEVA_ALIANZA_TLAX,PT-ENCUENTRO_SOCIAL,VERDE-MORENA,VERDE-NUEVA_ALIANZA_TLAX,VERDE-ENCUENTRO_SOCIAL,MORENA-NUEVA_ALIANZA_TLAX,MORENA-ENCUENTRO_SOCIAL,NUEVA_ALIANZA_TLAX-ENCUENTRO_SOCIAL,NO_REGISTRADOS,NULOS,TOTAL_VOTOS_ASENTADO,TOTAL_VOTOS_CALCULADO,LISTA_NOMINAL,REPRESENTANTES_PP_CI,OBSERVACIONES,CONTABILIZADA,MECANISMO_TRASLADO,SHA,FECHA_HORA_ACOPIO,FECHA_HORA_CAPTURA,FECHA_HORA_VERIFICACION,ORIGEN,DIGITALIZACION,DOCUMENTO
290300C008200,290300C0082001,29,Tlaxcala,001,Calpulalpan,0300,82,C,00,Urbana,1,263,514,0,514,15,25,5,10,15,73,5,12,20,11,10,73,73,73,73,3,0,0,0,0,0,0,0,0,0,0,0,0,0,0,0,0,0,6,0,0,0,2,0,0,0,1,0,0,0,0,0,0,0,0,0,0,0,0,0,0,0,0,1,3,0,2,0,0,0,0,0,0,3,514,514,718,0,,1,D,2BE52A276F004D252B40A68C021C252BB14B6D8DD08C1B309B2C092A4D4CDF8A,21/04/2021 21:00:00,21/04/2021 20:57:28,22/04/2021 01:58:37,CATD,ESCANER,ACTA PREP
290409B011200,290409B0112001,29,Tlaxcala,002,Tlaxco,0409,112,B,00,Urbana,1,0,810,0,810,15,15,15,15,15,115,12,15,20,11,8,115,115,115,115,8,0,0,0,0,0,0,0,0,0,0,0,0,0,0,0,5,5,7,0,8,0,5,0,0,5,12,0,0,0,0,0,0,0,0,0,0,0,0,0,0,0,13,5,8,0,8,0,0,0,0,0,0,5,0,0,726,0,Excede Lista Nominal,0,D,93EBCD6D6DAB7FF61D1D366C0A07BABD6CA2162563A595CDDAD7D88488E585B7,21/04/2021 19:54:00,21/04/2021 20:03:23,22/04/2021 01:04:57,CATD,ESCANER,ACTA PREP
290486B018400,290486B0184001,29,Tlaxcala,002,Tlaxco,0486,184,B,00,Urbana,1,345,423,0,423,12,10,8,8,10,61,8,9,4,11,8,61,61,61,61,5,0,0,0,0,0,0,0,0,0,0,0,0,0,0,0,3,0,2,0,0,0,4,0,0,0,8,0,0,0,0,0,0,0,0,0,0,0,0,0,0,0,0,0,0,0,0,0,9,3,0,0,0,5,423,432,625,0,,1,D,D46671B289E1B60631AF7B15AD62DE1A43984A5A3D1BCA0ADDB7E32003157965,21/04/2021 21:00:00,21/04/2021 21:01:07,22/04/2021 02:02:27,CATD,ESCANER,ACTA PREP
290543C028500,290543C0285001,29,Tlaxcala,003,Xaloztoc,0543,285,C,00,Urbana,1,300,477,0,477,15,12,11,14,13,68,10,9,14,10,9,68,68,68,68,1,0,0,0,0,0,0,0,0,0,0,0,0,0,0,0,1,1,6,0,1,0,1,0,0,0,2,0,0,0,0,0,0,0,0,0,0,0,0,0,0,0,1,1,0,0,4,0,0,0,0,0,0,1,477,477,722,0,,1,D,6005D5F97DDE79A25ECB54E48FB5679CEF56B31056F29FC0DE9F3CCA6DB3F388,21/04/2021 21:00:00,21/04/2021 21:05:21,22/04/2021 02:07:26,CATD,ESCANER,ACTA PREP
290606B029000,290606B0290001,29,Tlaxcala,003,Xaloztoc,0606,290,B,00,Urbana,1,357,420,0,420,15,12,11,14,13,11,10,9,14,10,9,68,68,68,68,1,0,0,0,0,0,0,0,0,0,0,0,0,0,0,0,1,1,6,0,1,0,1,0,0,0,2,0,0,0,0,0,0,0,0,0,0,0,0,0,0,0,0,1,0,0,5,0,0,0,0,0,0,1,420,420,693,0,,1,D,9CC1BB72F2377C98813C4D74C479FB3918DBC8238B2E2AB3E38BD0515DB40E3E,21/04/2021 19:59:00,21/04/2021 20:17:36,22/04/2021 01:19:27,CATD,ESCANER,ACTA PREP
290031C036500,290031C0365001,29,Tlaxcala,004,Apizaco,0031,365,C,00,Urbana,1,299,478,0,478,18,14,9,10,12,68,8,8,11,18,14,68,68,68,68,2,0,0,0,0,0,0,0,0,0,0,0,0,0,0,0,1,0,6,0,1,0,1,0,0,0,1,0,0,0,0,0,0,0,0,0,0,0,0,0,0,0,0,1,0,0,1,0,0,0,0,0,0,2,478,478,747,0,,1,D,71355CE0E474133EF1B57E1732792C7596BF919C97A56C411D9850974BAA0D24,21/04/2021 20:00:00,21/04/2021 20:59:48,22/04/2021 02:00:58,CATD,ESCANER,ACTA PREP
290039B038300,290039B0383001,29,Tlaxcala,004,Apizaco,0039,383,B,00,Urbana,1,299,478,0,478,18,14,9,10,12,68,8,8,11,18,14,68,68,68,68,2,0,0,0,0,0,0,0,0,0,0,0,0,0,0,0,1,0,6,0,1,0,1,0,0,0,1,0,0,0,0,0,0,0,0,0,0,0,0,0,0,0,0,1,0,0,1,0,0,0,0,0,0,2,478,478,598,0,,1,D,FDE691634D325643FF0B69C759C7AC36D6E6B9236FF0C425E4716F690864456E,21/04/2021 20:00:00,21/04/2021 20:55:39,22/04/2021 01:56:43,CATD,ESCANER,ACTA PREP
290232B051600,290232B0516001,29,Tlaxcala,006,Ixtacuixtla de Mariano M.,0232,516,B,00,Urbana,1,305,472,0,472,15,11,9,14,11,62,10,9,12,15,14,62,62,62,62,4,0,0,0,0,0,0,0,0,0,0,0,0,0,0,0,2,0,6,0,0,0,3,0,0,0,2,0,0,0,0,0,0,0,0,0,0,0,0,0,0,0,1,0,0,0,0,0,0,0,0,0,0,4,472,452,744,0,,1,D,32EBACA8B7CE4C9BD2DD536A446104A7057789F117FDC4BB7820156DA61C0632,21/04/2021 20:00:00,21/04/2021 20:44:47,22/04/2021 01:46:05,CATD,ESCANER,ACTA PREP
290435C063700,290435C0637001,29,Tlaxcala,007,Tlaxcala,0435,637,C,00,Urbana,1,324,453,0,453,14,12,7,10,16,64,15,7,12,10,9,64,64,64,64,2,0,0,0,0,0,0,0,0,0,0,0,0,0,0,0,0,0,6,0,0,0,1,0,0,0,3,0,0,0,0,0,0,0,0,0,0,0,0,0,0,0,2,1,1,0,0,0,0,0,0,0,0,5,453,453,594,0,,1,D,7329ACD05BD3DF61330FE78F2E6B00B71074BD1B67F18146118102E782C5DC17,21/04/2021 17:39:00,21/04/2021 18:03:44,21/04/2021 23:07:54,CATD,ESCANER,ACTA PREP
290003B084900,290003B0849001,29,Tlaxcala,008,Contla de Juan Cuamatzi,0003,849,B,00,Urbana,1,4,779,0,779,18,20,15,16,15,111,21,12,15,20,17,111,111,111,111,4,0,0,0,0,0,0,0,0,0,0,0,0,0,0,0,3,5,3,0,4,0,4,0,0,2,5,0,0,0,0,0,0,0,0,0,0,0,0,0,0,0,0,0,0,0,7,6,0,5,0,5,0,2,0,0,601,0,Excede Lista Nominal,0,D,9BE6D04E6D3CC48DE941FBDA12C38DB7ACA65F7B66C3917382EBB3AA584A68F8,21/04/2021 19:34:00,21/04/2021 19:38:05,22/04/2021 00:40:12,CATD,ESCANER,ACTA PREP
290147C093000,290147C0930001,29,Tlaxcala,009,Chiautempan,0147,930,C,00,Urbana,1,281,493,0,493,10,15,11,13,15,70,8,13,20,5,8,70,70,70,70,0,0,0,0,0,0,0,0,0,0,0,0,0,0,0,0,0,0,1,1,0,1,7,2,1,0,1,0,0,0,0,0,0,0,0,0,0,0,0,0,0,0,0,0,0,0,0,2,2,0,4,0,0,3,493,493,516,0,,1,D,FE8D2F3EF0743644A4761ECDC143C76518B6B22C5F353D456F49D1A283139828,21/04/2021 19:40:00,21/04/2021 19:46:54,22/04/2021 00:48:53,CATD,ESCANER,ACTA PREP
290155C096100,290155C0961001,29,Tlaxcala,009,Chiautempan,0155,961,C,00,Urbana,1,284,493,0,493,10,15,11,13,15,70,8,13,20,5,8,70,70,70,70,0,0,0,0,0,0,0,0,0,0,0,0,0,0,0,0,1,1,7,0,1,0,2,0,0,1,1,0,0,0,0,0,0,0,0,0,0,0,0,0,0,0,0,2,2,0,4,0,0,0,0,0,0,3,493,493,626,0,,1,D,D7BA0FC803626402195B785DAEB2A4297E60FD099E5B4DB87DA25BDCF2392869,21/04/2021 18:22:00,21/04/2021 18:31:38,21/04/2021 23:35:58,CATD,ESCANER,ACTA PREP
290520B105200,290520B1052001,29,Tlaxcala,010,Huamantla,0520,1052,B,00,Urbana,1,317,460,0,460,10,15,13,13,13,65,12,7,10,10,8,65,65,65,65,1,0,0,0,0,0,0,0,0,0,0,0,0,0,0,0,2,4,1,0,0,0,0,0,0,0,5,0,0,0,0,0,0,0,0,0,0,0,0,0,0,0,0,2,1,0,3,0,0,0,0,0,0,5,460,460,750,0,,1,D,BB51845190EAA5270DCB0D1DEFEF8849FCB055358B95417F6B138393A53E549A,21/04/2021 20:26:00,21/04/2021 20:30:17,22/04/2021 01:31:39,CATD,ESCANER,ACTA PREP
290100C109400,290100C1094001,29,Tlaxcala,011,Huamantla,0100,1094,C,00,Urbana,1,300,477,0,477,15,12,11,14,13,68,10,9,14,10,9,68,68,68,68,1,0,0,0,0,0,0,0,0,0,0,0,0,0,0,0,1,1,6,0,1,0,1,0,0,0,2,0,0,0,0,0,0,0,0,0,0,0,0,0,0,0,0,1,0,0,5,0,0,0,0,0,0,1,477,477,606,0,,1,D,8FA6B351834C8527A2AE6C235E0854CF482837D180B218F083F898347A633E54,21/04/2021 17:35:00,21/04/2021 17:58:12,21/04/2021 23:02:29,CATD,ESCANER,ACTA PREP
290107C111200,290107C1112001,29,Tlaxcala,011,Huamantla,0107,1112,C,00,Urbana,1,0,477,0,477,15,12,11,14,13,68,10,9,14,10,9,68,68,68,68,1,0,0,0,0,0,0,0,0,0,0,0,0,0,0,0,1,1,6,0,1,0,1,0,0,0,2,0,0,0,0,0,0,0,0,0,0,0,0,0,0,0,0,1,0,0,5,0,0,0,0,0,0,1,477,477,693,0,,1,D,90EE2B863D68E4163A3F1CC6D20E2920DA34930101AE1C22943EC1D119FCC2BB,21/04/2021 20:00:00,21/04/2021 20:50:54,22/04/2021 01:52:05,CATD,ESCANER,ACTA PREP
290158B116300,290158B1163001,29,Tlaxcala,012,San Luis Teolocholco,0158,1163,B,00,Urbana,1,299,478,0,478,18,14,9,10,12,68,8,8,11,18,14,68,68,68,68,2,0,0,0,0,0,0,0,0,0,0,0,0,0,0,0,1,0,6,0,1,0,1,0,0,0,1,0,0,0,0,0,0,0,0,0,0,0,0,0,0,0,0,1,0,0,1,0,0,0,0,0,0,2,478,478,637,0,,1,D,FDF9EBA8ED94DA53297B860F73F52C37444B16D20BF89B542C73CDFC4480282D,21/04/2021 19:10:00,21/04/2021 19:18:31,22/04/2021 00:19:51,CATD,ESCANER,ACTA PREP
290384B121900,290384B1219001,29,Tlaxcala,012,San Luis Teolocholco,0384,1219,B,00,Urbana,1,299,478,0,478,18,14,9,10,12,68,8,8,11,18,14,68,68,68,68,2,0,0,0,0,0,0,0,0,0,0,0,0,0,0,0,1,0,6,0,1,0,1,0,0,0,1,0,0,0,0,0,0,0,0,0,0,0,0,0,0,0,0,1,0,0,1,0,0,0,0,0,0,2,478,478,594,0,,1,D,BDB7958D508B93E3A83048E82D4C50D5100239B49F6CF9F113ABE43179787267,21/04/2021 19:49:00,21/04/2021 19:52:34,22/04/2021 00:53:55,CATD,ESCANER,ACTA PREP
290388B127400,290388B1274001,29,Tlaxcala,013,Zacatelco,0388,1274,B,00,Urbana,1,286,491,0,491,12,10,8,11,12,69,14,11,15,12,15,69,69,69,69,2,0,0,0,0,0,0,0,0,0,0,0,0,0,0,0,0,1,6,0,2,0,3,0,0,0,2,0,0,0,0,0,0,0,0,0,0,0,0,0,0,0,0,0,0,0,2,0,0,0,0,0,0,7,491,490,672,0,,1,D,F1F8FE838DA68B7EF60F98C31100CF731FD1461859848E46E7DE0D7B06B0DDF6,21/04/2021 19:20:00,21/04/2021 19:23:47,22/04/2021 00:25:13,CATD,ESCANER,ACTA PREP
290254C137800,290254C1378001,29,Tlaxcala,014,Nativitas,0254,1378,C,00,Urbana,1,329,448,0,448,15,11,9,14,10,63,10,9,11,14,10,63,63,63,63,1,0,0,0,0,0,0,0,0,0,0,0,0,0,0,0,0,0,7,0,0,0,1,0,0,0,2,0,0,0,0,0,0,0,0,0,0,0,0,0,0,0,0,0,2,0,0,0,0,0,0,0,0,7,448,448,706,0,,1,D,D7F2E423E2BA38ECBDBB5D53273C2FEFAD89FB30ECF26F26BB72184D7583A6E7,21/04/2021 19:05:00,21/04/2021 19:07:49,22/04/2021 00:08:49,CATD,ESCANER,ACTA PREP
290348B148000,290348B1480001,29,Tlaxcala,015,San Pablo del Monte,0348,1480,B,00,Urbana,1,322,453,0,453,14,12,7,10,16,64,15,7,12,10,9,64,64,64,64,2,0,0,0,0,0,0,0,0,0,0,0,0,0,0,0,0,0,6,0,0,0,1,0,0,0,2,0,0,0,0,0,0,0,0,0,0,0,0,0,0,0,2,2,1,0,0,0,0,0,0,0,0,5,453,453,716,0,,1,D,9C33707E0165DF17317D86A6F582F8390AE7D8C344A6DB11D1C91DD968DEBD76,21/04/2021 18:36:00,21/04/2021 19:01:30,22/04/2021 00:04:15,CATD,ESCANER,ACTA PREP
